2024-06-08 15:45:27.464279,Sat Jun  8 15:45:07 2024,172.16.26.3,Not Connected,1
2024-06-08 15:45:48.511525,Sat Jun  8 15:45:27 2024,172.16.26.4,Not Connected,1
2024-06-08 15:46:09.548523,Sat Jun  8 15:45:31 2024,172.16.26.7,Not Connected,1
2024-06-08 15:46:30.578910,Sat Jun  8 15:45:31 2024,172.16.26.9,Not Connected,1
2024-06-08 15:46:51.608765,Sat Jun  8 15:46:30 2024,172.17.26.10,Not Connected,1
2024-06-08 15:47:12.673942,Sat Jun  8 15:46:30 2024,172.16.26.11,Not Connected,1
2024-06-08 15:47:33.701402,Sat Jun  8 15:46:30 2024,172.16.26.12,Not Connected,1
2024-06-08 15:47:54.747281,Sat Jun  8 15:46:30 2024,172.16.26.13,Not Connected,1
2024-06-08 15:48:15.784299,Sat Jun  8 15:47:47 2024,172.16.26.14,Not Connected,1
2024-06-08 15:48:36.837083,Sat Jun  8 15:48:13 2024,172.16.26.15,Not Connected,1
2024-06-08 15:48:57.881190,Sat Jun  8 15:48:13 2024,172.17.26.16,Not Connected,1
2024-06-08 15:49:18.944025,Sat Jun  8 15:48:13 2024,172.17.26.17,Not Connected,1
2024-06-08 15:45:47.551392,Sat Jun  8 15:45:27 2024,172.16.26.3,Not Connected,1
2024-06-08 15:46:08.580084,Sat Jun  8 15:45:31 2024,172.16.26.4,Not Connected,1
2024-06-08 15:46:29.631481,Sat Jun  8 15:45:31 2024,172.16.26.7,Not Connected,1
2024-06-08 15:46:50.657681,Sat Jun  8 15:46:30 2024,172.16.26.9,Not Connected,1
2024-06-08 15:47:11.689834,Sat Jun  8 15:46:30 2024,172.17.26.10,Not Connected,1
2024-06-08 15:47:32.719704,Sat Jun  8 15:46:30 2024,172.16.26.11,Not Connected,1
2024-06-08 15:47:53.756752,Sat Jun  8 15:46:30 2024,172.16.26.12,Not Connected,1
2024-06-08 15:48:14.794004,Sat Jun  8 15:47:47 2024,172.16.26.13,Not Connected,1
2024-06-08 15:48:35.836454,Sat Jun  8 15:48:13 2024,172.16.26.14,Not Connected,1
2024-06-08 15:48:56.866691,Sat Jun  8 15:48:13 2024,172.16.26.15,Not Connected,1
2024-06-08 15:49:17.902057,Sat Jun  8 15:48:13 2024,172.17.26.16,Not Connected,1
2024-06-08 15:49:38.949276,Sat Jun  8 15:48:13 2024,172.17.26.17,Not Connected,1
2024-06-08 15:45:50.328290,Sat Jun  8 15:45:30 2024,172.16.26.3,Not Connected,1
2024-06-08 15:46:11.365058,Sat Jun  8 15:45:31 2024,172.16.26.4,Not Connected,1
2024-06-08 15:46:32.430242,Sat Jun  8 15:45:31 2024,172.16.26.7,Not Connected,1
2024-06-08 15:46:53.451456,Sat Jun  8 15:46:30 2024,172.16.26.9,Not Connected,1
2024-06-08 15:47:14.487073,Sat Jun  8 15:46:30 2024,172.17.26.10,Not Connected,1
2024-06-08 15:47:35.519624,Sat Jun  8 15:46:30 2024,172.16.26.11,Not Connected,1
2024-06-08 15:47:56.563343,Sat Jun  8 15:46:30 2024,172.16.26.12,Not Connected,1
2024-06-08 15:48:17.594119,Sat Jun  8 15:47:47 2024,172.16.26.13,Not Connected,1
2024-06-08 15:48:38.629059,Sat Jun  8 15:48:13 2024,172.16.26.14,Not Connected,1
2024-06-08 15:48:59.655915,Sat Jun  8 15:48:13 2024,172.16.26.15,Not Connected,1
2024-06-08 15:49:20.693986,Sat Jun  8 15:48:13 2024,172.17.26.16,Not Connected,1
2024-06-08 15:49:41.752071,Sat Jun  8 15:48:13 2024,172.17.26.17,Not Connected,1
2024-06-08 15:45:50.457954,Sat Jun  8 15:45:30 2024,172.16.26.3,Not Connected,1
2024-06-08 15:46:11.492126,Sat Jun  8 15:45:31 2024,172.16.26.4,Not Connected,1
2024-06-08 15:46:32.524931,Sat Jun  8 15:45:31 2024,172.16.26.7,Not Connected,1
2024-06-08 15:46:53.559465,Sat Jun  8 15:46:30 2024,172.16.26.9,Not Connected,1
2024-06-08 15:47:14.588109,Sat Jun  8 15:46:30 2024,172.17.26.10,Not Connected,1
2024-06-08 15:47:35.616222,Sat Jun  8 15:46:30 2024,172.16.26.11,Not Connected,1
2024-06-08 15:47:56.656302,Sat Jun  8 15:46:30 2024,172.16.26.12,Not Connected,1
2024-06-08 15:48:17.688523,Sat Jun  8 15:47:47 2024,172.16.26.13,Not Connected,1
2024-06-08 15:48:38.738784,Sat Jun  8 15:48:13 2024,172.16.26.14,Not Connected,1
2024-06-08 15:48:59.769998,Sat Jun  8 15:48:13 2024,172.16.26.15,Not Connected,1
2024-06-08 15:49:20.798370,Sat Jun  8 15:48:13 2024,172.17.26.16,Not Connected,1
2024-06-08 15:49:41.867931,Sat Jun  8 15:48:13 2024,172.17.26.17,Not Connected,1
2024-06-08 15:45:50.710981,Sat Jun  8 15:45:30 2024,172.16.26.3,Not Connected,1
2024-06-08 15:46:11.762540,Sat Jun  8 15:45:31 2024,172.16.26.4,Not Connected,1
2024-06-08 15:46:32.791499,Sat Jun  8 15:45:31 2024,172.16.26.7,Not Connected,1
2024-06-08 15:46:53.828481,Sat Jun  8 15:46:30 2024,172.16.26.9,Not Connected,1
2024-06-08 15:47:14.854974,Sat Jun  8 15:46:30 2024,172.17.26.10,Not Connected,1
2024-06-08 15:47:35.890256,Sat Jun  8 15:46:30 2024,172.16.26.11,Not Connected,1
2024-06-08 15:47:56.940126,Sat Jun  8 15:46:30 2024,172.16.26.12,Not Connected,1
2024-06-08 15:48:17.983130,Sat Jun  8 15:47:47 2024,172.16.26.13,Not Connected,1
2024-06-08 15:48:39.024588,Sat Jun  8 15:48:13 2024,172.16.26.14,Not Connected,1
2024-06-08 15:49:00.059164,Sat Jun  8 15:48:13 2024,172.16.26.15,Not Connected,1
2024-06-08 15:49:21.074787,Sat Jun  8 15:48:13 2024,172.17.26.16,Not Connected,1
2024-06-08 15:49:42.123169,Sat Jun  8 15:48:13 2024,172.17.26.17,Not Connected,1
2024-06-08 15:45:50.949814,Sat Jun  8 15:45:31 2024,172.16.26.3,Not Connected,1
2024-06-08 15:46:11.983192,Sat Jun  8 15:45:31 2024,172.16.26.4,Not Connected,1
2024-06-08 15:46:33.028309,Sat Jun  8 15:45:31 2024,172.16.26.7,Not Connected,1
2024-06-08 15:46:54.093719,Sat Jun  8 15:46:30 2024,172.16.26.9,Not Connected,1
2024-06-08 15:47:15.121786,Sat Jun  8 15:46:30 2024,172.17.26.10,Not Connected,1
2024-06-08 15:47:36.168166,Sat Jun  8 15:46:30 2024,172.16.26.11,Not Connected,1
2024-06-08 15:47:57.207651,Sat Jun  8 15:46:30 2024,172.16.26.12,Not Connected,1
2024-06-08 15:48:18.249920,Sat Jun  8 15:47:47 2024,172.16.26.13,Not Connected,1
2024-06-08 15:48:39.279198,Sat Jun  8 15:48:13 2024,172.16.26.14,Not Connected,1
2024-06-08 15:49:00.326570,Sat Jun  8 15:48:13 2024,172.16.26.15,Not Connected,1
2024-06-08 15:49:21.348750,Sat Jun  8 15:48:13 2024,172.17.26.16,Not Connected,1
2024-06-08 15:49:42.400476,Sat Jun  8 15:48:13 2024,172.17.26.17,Not Connected,1
